Id,count
1,10
2,5
3,2
4,1
5,1
6,6
7,33
8,92
9,178
10,105
11,50
12,54
13,72
14,66
15,62
16,72
17,87
18,166
19,149
20,105
21,72
22,60
23,35
24,22
25,13
26,7
27,4
28,0
29,1
30,4
31,31
32,69
33,153
34,89
35,43
36,52
37,55
38,50
39,50
40,56
41,76
42,121
43,110
44,72
45,51
46,40
47,27
48,20
49,22
50,13
51,10
52,4
53,1
54,2
55,8
56,22
57,37
58,54
59,65
60,73
61,79
62,76
63,78
64,75
65,73
66,58
67,43
68,35
69,28
70,22
71,18
72,24
73,21
74,13
75,9
76,1
77,1
78,4
79,13
80,27
81,50
82,64
83,72
84,73
85,72
86,73
87,67
88,58
89,53
90,37
91,29
92,23
93,14
94,9
95,8
96,3
97,1
98,1
99,5
100,28
101,73
102,150
103,87
104,39
105,40
106,43
107,45
108,41
109,52
110,70
111,126
112,117
113,86
114,58
115,43
116,24
117,15
118,6
119,3
120,2
121,1
122,5
123,31
124,89
125,164
126,97
127,48
128,51
129,60
130,58
131,61
132,68
133,93
134,182
135,156
136,106
137,77
138,59
139,36
140,20
141,9
142,4
143,2
144,1
145,10
146,35
147,66
148,38
149,21
150,19
151,19
152,19
153,18
154,19
155,45
156,47
157,84
158,154
159,139
160,100
161,71
162,55
163,39
164,23
165,10
166,5
167,2
168,1
169,4
170,26
171,61
172,135
173,47
174,22
175,31
176,33
177,34
178,31
179,41
180,84
181,156
182,141
183,98
184,71
185,52
186,38
187,33
188,22
189,24
190,13
191,7
192,2
193,2
194,9
195,26
196,47
197,63
198,71
199,83
200,97
201,97
202,93
203,101
204,92
205,78
206,58
207,47
208,39
209,30
210,27
211,35
212,31
213,21
214,10
215,3
216,1
217,5
218,13
219,42
220,71
221,86
222,120
223,108
224,111
225,115
226,108
227,84
228,71
229,56
230,43
231,34
232,23
233,12
234,8
235,3
236,2
237,1
238,1
239,3
240,25
241,60
242,140
243,74
244,37
245,39
246,49
247,56
248,44
249,46
250,66
251,128
252,123
253,116
254,46
255,35
256,27
257,16
258,28
259,17
260,9
261,6
262,1
263,1
264,6
265,20
266,38
267,91
268,120
269,146
270,161
271,141
272,139
273,135
274,121
275,102
276,78
277,56
278,47
279,34
280,24
281,20
282,15
283,6
284,4
285,3
286,3
287,6
288,27
289,50
290,73
291,101
292,129
293,133
294,43
295,128
296,101
297,55
298,90
299,55
300,45
301,28
302,28
303,18
304,12
305,23
306,68
307,186
308,106
309,47
310,55
311,62
312,63
313,58
314,66
315,86
316,153
317,161
318,90
319,71
320,55
321,36
322,21
323,10
324,4
325,2
326,1
327,5
328,32
329,97
330,199
331,112
332,53
333,59
334,73
335,81
336,79
337,84
338,109
339,212
340,202
341,138
342,86
343,69
344,51
345,30
346,12
347,5
348,2
349,1
350,5
351,32
352,103
353,233
354,101
355,51
356,59
357,79
358,81
359,73
360,36
361,42
362,109
363,120
364,53
365,68
366,51
367,21
368,37
369,9
370,6
371,3
372,2
373,7
374,29
375,56
376,137
377,54
378,28
379,116
380,62
381,61
382,58
383,115
384,98
385,144
386,146
387,99
388,62
389,56
390,43
391,37
392,32
393,18
394,10
395,8
396,2
397,2
398,3
399,12
400,39
401,63
402,102
403,140
404,149
405,150
406,134
407,144
408,136
409,132
410,113
411,80
412,63
413,49
414,45
415,35
416,30
417,34
418,19
419,12
420,3
421,2
422,9
423,31
424,62
425,107
426,133
427,154
428,159
429,155
430,207
431,214
432,124
433,106
434,85
435,67
436,56
437,42
438,26
439,13
440,3
441,1
442,6
443,34
444,107
445,188
446,112
447,83
448,93
449,110
450,42
451,18
452,21
453,41
454,58
455,130
456,41
457,32
458,54
459,23
460,19
461,34
462,27
463,11
464,10
465,3
466,2
467,2
468,8
469,27
470,66
471,117
472,150
473,178
474,188
475,184
476,183
477,172
478,154
479,131
480,93
481,68
482,53
483,36
484,15
485,16
486,7
487,3
488,3
489,15
490,43
491,67
492,245
493,131
494,90
495,98
496,121
497,172
498,161
499,181
500,252
501,481
502,455
503,364
504,260
505,130
506,107
507,61
508,31
509,8
510,5
511,4
512,4
513,17
514,85
515,182
516,300
517,155
518,98
519,114
520,176
521,180
522,167
523,180
524,264
525,493
526,478
527,238
528,161
529,125
530,88
531,54
532,17
533,6
534,3
535,3
536,11
537,67
538,141
539,291
540,157
541,72
542,78
543,74
544,46
545,79
546,108
547,159
548,306
549,153
550,111
551,37
552,42
553,58
554,27
555,17
556,8
557,5
558,5
559,4
560,15
561,79
562,102
563,156
564,160
565,53
566,67
567,96
568,112
569,97
570,103
571,142
572,266
573,242
574,179
575,130
576,110
577,82
578,56
579,26
580,9
581,5
582,4
583,4
584,13
585,63
586,121
587,288
588,161
589,87
590,104
591,137
592,144
593,145
594,137
595,166
596,272
597,248
598,159
599,117
600,97
601,78
602,56
603,56
604,36
605,24
606,13
607,5
608,5
609,8
610,20
611,57
612,109
613,149
614,189
615,222
616,244
617,248
618,263
619,250
620,200
621,173
622,113
623,93
624,79
625,69
626,53
627,56
628,39
629,18
630,14
631,5
632,6
633,9
634,34
635,85
636,115
637,163
638,198
639,220
640,238
641,231
642,245
643,201
644,157
645,110
646,80
647,69
648,51
649,34
650,15
651,6
652,3
653,3
654,11
655,60
656,119
657,268
658,149
659,77
660,79
661,100
662,108
663,112
664,117
665,162
666,302
667,285
668,193
669,154
670,121
671,72
672,39
673,15
674,4
675,3
676,2
677,3
678,13
679,68
680,139
681,285
682,168
683,86
684,91
685,136
686,122
687,125
688,140
689,184
690,357
691,331
692,230
693,166
694,122
695,82
696,48
697,20
698,9
699,4
700,3
701,3
702,16
703,77
704,169
705,312
706,167
707,85
708,91
709,120
710,120
711,107
712,44
713,62
714,140
715,173
716,129
717,61
718,89
719,46
720,23
721,13
722,7
723,6
724,4
725,4
726,14
727,49
728,103
729,312
730,107
731,47
732,48
733,52
734,47
735,43
736,41
737,102
738,189
739,188
740,137
741,67
742,89
743,46
744,35
745,19
746,5
747,3
748,1
749,2
750,10
751,43
752,78
753,324
754,186
755,111
756,121
757,148
758,148
759,132
760,137
761,213
762,403
763,421
764,310
765,227
766,169
767,131
768,69
769,29
770,12
771,7
772,3
773,3
774,11
775,40
776,102
777,209
778,126
779,82
780,94
781,147
782,143
783,132
784,139
785,198
786,370
787,345
788,240
789,136
790,105
791,81
792,55
793,27
794,13
795,7
796,3
797,3
798,12
799,49
800,93
801,236
802,88
803,85
804,60
805,62
806,47
807,33
808,52
809,71
810,105
811,91
812,66
813,47
814,46
815,33
816,35
817,24
818,25
819,27
820,12
821,4
822,4
823,7
824,17
825,42
826,56
827,99
828,134
829,179
830,180
831,225
832,233
833,266
834,241
835,210
836,143
837,79
838,94
839,103
840,63
841,61
842,52
843,42
844,12
845,4
846,3
847,5
848,15
849,50
850,97
851,212
852,293
853,335
854,337
855,329
856,321
857,334
858,305
859,275
860,126
861,102
862,58
863,43
864,32
865,8
866,3
867,2
868,1
869,2
870,6
871,30
872,81
873,286
874,180
875,110
876,118
877,141
878,149
879,140
880,148
881,227
882,432
883,416
884,297
885,211
886,161
887,103
888,55
889,22
890,10
891,5
892,3
893,4
894,16
895,65
896,194
897,342
898,176
899,105
900,116
901,147
902,144
903,137
904,144
905,222
906,425
907,399
908,255
909,193
910,146
911,95
912,53
913,21
914,9
915,5
916,2
917,2
918,9
919,42
920,155
921,277
922,121
923,88
924,101
925,130
926,126
927,127
928,130
929,206
930,204
931,200
932,231
933,145
934,104
935,70
936,38
937,31
938,8
939,5
940,4
941,4
942,15
943,64
944,184
945,340
946,98
947,76
948,93
949,125
950,100
951,105
952,143
953,189
954,413
955,408
956,298
957,205
958,157
959,117
960,77
961,37
962,21
963,13
964,5
965,5
966,18
967,69
968,195
969,335
970,191
971,133
972,155
973,183
974,182
975,177
976,164
977,212
978,337
979,326
980,222
981,166
982,129
983,83
984,61
985,55
986,51
987,38
988,16
989,6
990,5
991,11
992,32
993,71
994,109
995,198
996,243
997,277
998,287
999,281
1000,304
1001,323
1002,297
1003,234
1004,197
1005,117
1006,97
1007,83
1008,70
1009,43
1010,18
1011,14
1012,6
1013,6
1014,25
1015,110
1016,286
1017,421
1018,250
1019,173
1020,186
1021,239
1022,239
1023,229
1024,233
1025,349
1026,555
1027,539
1028,336
1029,254
1030,196
1031,157
1032,136
1033,117
1034,83
1035,61
1036,25
1037,10
1038,10
1039,24
1040,72
1041,142
1042,220
1043,297
1044,378
1045,432
1046,446
1047,428
1048,433
1049,458
1050,418
1051,367
1052,324
1053,252
1054,208
1055,165
1056,140
1057,122
1058,81
1059,60
1060,28
1061,9
1062,8
1063,16
1064,47
1065,107
1066,197
1067,296
1068,369
1069,401
1070,402
1071,320
1072,381
1073,435
1074,398
1075,370
1076,314
1077,238
1078,171
1079,114
1080,64
1081,30
1082,14
1083,7
1084,4
1085,4
1086,17
1087,67
1088,194
1089,376
1090,195
1091,150
1092,155
1093,191
1094,186
1095,167
1096,179
1097,283
1098,557
1099,510
1100,375
1101,204
1102,151
1103,111
1104,61
1105,24
1106,10
1107,7
1108,4
1109,6
1110,20
1111,93
1112,237
1113,299
1114,243
1115,148
1116,158
1117,201
1118,195
1119,179
1120,206
1121,298
1122,585
1123,568
1124,388
1125,284
1126,200
1127,95
1128,96
1129,33
1130,13
1131,5
1132,6
1133,5
1134,24
1135,85
1136,306
1137,437
1138,229
1139,140
1140,153
1141,199
1142,197
1143,182
1144,190
1145,301
1146,577
1147,570
1148,415
1149,310
1150,232
1151,173
1152,103
1153,51
1154,20
1155,10
1156,5
1157,6
1158,24
1159,86
1160,259
1161,477
1162,245
1163,153
1164,158
1165,201
1166,197
1167,182
1168,184
1169,291
1170,548
1171,550
1172,396
1173,309
1174,234
1175,182
1176,126
1177,63
1178,25
1179,17
1180,7
1181,7
1182,26
1183,107
1184,303
1185,473
1186,255
1187,171
1188,188
1189,229
1190,244
1191,221
1192,229
1193,328
1194,556
1195,489
1196,270
1197,220
1198,172
1199,171
1200,133
1201,110
1202,87
1203,69
1204,24
1205,10
1206,11
1207,22
1208,58
1209,128
1210,206
1211,301
1212,371
1213,428
1214,426
1215,411
1216,411
1217,439
1218,415
1219,374
1220,324
1221,262
1222,197
1223,174
1224,136
1225,122
1226,99
1227,72
1228,35
1229,11
1230,9
1231,18
1232,42
1233,78
1234,117
1235,226
1236,265
1237,358
1238,397
1239,374
1240,369
1241,407
1242,372
1243,326
1244,281
1245,200
1246,160
1247,113
1248,76
1249,78
1250,61
1251,36
1252,15
1253,9
1254,10
1255,21
1256,50
1257,115
1258,204
1259,274
1260,337
1261,358
1262,362
1263,329
1264,324
1265,369
1266,392
1267,379
1268,283
1269,297
1270,244
1271,171
1272,80
1273,41
1274,15
1275,8
1276,4
1277,6
1278,26
1279,115
1280,283
1281,400
1282,218
1283,127
1284,133
1285,174
1286,164
1287,152
1288,166
1289,251
1290,541
1291,541
1292,404
1293,305
1294,232
1295,170
1296,89
1297,35
1298,12
1299,7
1300,4
1301,5
1302,21
1303,85
1304,144
1305,283
1306,236
1307,131
1308,139
1309,176
1310,186
1311,177
1312,187
1313,292
1314,556
1315,556
1316,393
1317,277
1318,210
1319,143
1320,80
1321,37
1322,13
1323,6
1324,4
1325,5
1326,23
1327,99
1328,127
1329,361
1330,190
1331,116
1332,132
1333,170
1334,176
1335,168
1336,178
1337,279
1338,518
1339,489
1340,338
1341,238
1342,218
1343,154
1344,88
1345,40
1346,16
1347,9
1348,5
1349,5
1350,22
1351,109
1352,292
1353,427
1354,220
1355,126
1356,139
1357,174
1358,163
1359,163
1360,162
1361,250
1362,511
1363,515
1364,379
1365,270
1366,211
1367,151
1368,91
1369,40
1370,17
1371,9
1372,5
1373,6
1374,25
1375,110
1376,296
1377,429
1378,221
1379,127
1380,126
1381,172
1382,176
1383,159
1384,177
1385,280
1386,467
1387,490
1388,355
1389,272
1390,217
1391,156
1392,112
1393,55
1394,22
1395,13
1396,6
1397,6
1398,23
1399,106
1400,277
1401,451
1402,238
1403,150
1404,181
1405,223
1406,224
1407,209
1408,221
1409,330
1410,552
1411,501
1412,356
1413,265
1414,212
1415,183
1416,147
1417,109
1418,82
1419,60
1420,21
1421,8
1422,9
1423,26
1424,77
1425,137
1426,211
1427,291
1428,356
1429,432
1430,432
1431,406
1432,394
1433,439
1434,400
1435,357
1436,311
1437,253
1438,208
1439,183
1440,132
1441,118
1442,95
1443,67
1444,31
1445,10
1446,9
1447,23
1448,70
1449,110
1450,192
1451,280
1452,355
1453,416
1454,411
1455,398
1456,391
1457,414
1458,382
1459,348
1460,294
1461,225
1462,183
1463,141
1464,86
1465,30
1466,15
1467,8
1468,5
1469,5
1470,23
1471,111
1472,292
1473,444
1474,225
1475,132
1476,145
1477,182
1478,181
1479,168
1480,176
1481,287
1482,547
1483,538
1484,394
1485,273
1486,207
1487,146
1488,82
1489,38
1490,16
1491,9
1492,5
1493,6
1494,27
1495,109
1496,291
1497,439
1498,213
1499,126
1500,140
1501,174
1502,173
1503,150
1504,159
1505,250
1506,485
1507,497
1508,371
1509,293
1510,220
1511,156
1512,87
1513,31
1514,13
1515,7
1516,5
1517,6
1518,23
1519,110
1520,277
1521,415
1522,223
1523,135
1524,151
1525,190
1526,184
1527,171
1528,180
1529,285
1530,546
1531,535
1532,391
1533,299
1534,235
1535,176
1536,105
1537,42
1538,16
1539,9
1540,5
1541,6
1542,24
1543,107
1544,282
1545,425
1546,232
1547,139
1548,157
1549,194
1550,194
1551,178
1552,190
1553,288
1554,545
1555,548
1556,401
1557,301
1558,233
1559,180
1560,119
1561,36
1562,14
1563,7
1564,5
1565,6
1566,24
1567,115
1568,261
1569,423
1570,215
1571,127
1572,136
1573,168
1574,161
1575,143
1576,155
1577,249
1578,487
1579,485
1580,339
1581,249
1582,226
1583,169
1584,103
1585,44
1586,13
1587,7
1588,5
1589,5
1590,23
1591,102
1592,254
1593,442
1594,196
1595,112
1596,125
1597,153
1598,152
1599,143
1600,152
1601,235
1602,444
1603,439
1604,311
1605,250
1606,203
1607,157
1608,108
1609,55
1610,24
1611,13
1612,6
1613,6
1614,24
1615,105
1616,234
1617,367
1618,183
1619,120
1620,142
1621,167
1622,166
1623,156
1624,164
1625,251
1626,432
1627,424
1628,327
1629,249
1630,210
1631,168
1632,143
1633,104
1634,84
1635,55
1636,21
1637,9
1638,9
1639,25
1640,71
1641,118
1642,179
1643,239
1644,288
1645,308
1646,288
1647,292
1648,268
1649,296
1650,279
1651,283
1652,295
1653,250
1654,205
1655,187
1656,152
1657,133
1658,96
1659,67
1660,30
1661,10
1662,9
1663,21
1664,64
1665,97
1666,170
1667,232
1668,305
1669,324
1670,335
1671,321
1672,305
1673,336
1674,321
1675,309
1676,280
1677,235
1678,196
1679,143
1680,89
1681,40
1682,16
1683,8
1684,5
1685,6
1686,23
1687,98
1688,290
1689,429
1690,191
1691,119
1692,128
1693,163
1694,161
1695,143
1696,131
1697,186
1698,468
1699,477
1700,371
1701,273
1702,170
1703,131
1704,76
1705,40
1706,16
1707,9
1708,5
1709,6
1710,25
1711,105
1712,264
1713,415
1714,228
1715,131
1716,146
1717,182
1718,180
1719,164
1720,171
1721,271
1722,524
1723,533
1724,390
1725,307
1726,240
1727,175
1728,98
1729,40
1730,14
1731,7
1732,5
1733,6
1734,24
1735,107
1736,273
1737,418
1738,229
1739,133
1740,147
1741,183
1742,178
1743,169
1744,175
1745,278
1746,555
1747,548
1748,396
1749,314
1750,243
1751,181
1752,106
1753,50
1754,18
1755,11
1756,6
1757,6
1758,25
1759,109
1760,284
1761,411
1762,216
1763,129
1764,131
1765,171
1766,164
1767,160
1768,158
1769,255
1770,508
1771,483
1772,376
1773,293
1774,222
1775,173
1776,120
1777,56
1778,25
1779,14
1780,6
1781,6
1782,23
1783,101
1784,279
1785,438
1786,195
1787,124
1788,145
1789,170
1790,165
1791,157
1792,166
1793,243
1794,398
1795,399
1796,295
1797,241
1798,216
1799,186
1800,148
1801,115
1802,82
1803,57
1804,24
1805,9
1806,9
1807,24
1808,70
1809,128
1810,188
1811,273
1812,347
1813,403
1814,376
1815,334
1816,327
1817,363
1818,342
1819,322
1820,319
1821,255
1822,213
1823,189
1824,155
1825,131
1826,106
1827,67
1828,30
1829,10
1830,9
1831,20
1832,67
1833,106
1834,180
1835,272
1836,319
1837,354
1838,357
1839,346
1840,344
1841,383
1842,356
1843,321
1844,302
1845,241
1846,194
1847,136
1848,87
1849,77
1850,67
1851,56
1852,21
1853,7
1854,8
1855,17
1856,43
1857,120
1858,195
1859,276
1860,339
1861,389
1862,386
1863,374
1864,384
1865,404
1866,373
1867,339
1868,299
1869,244
1870,184
1871,144
1872,129
1873,124
1874,98
1875,71
1876,28
1877,9
1878,10
1879,18
1880,45
1881,86
1882,171
1883,251
1884,313
1885,355
1886,369
1887,244
1888,226
1889,295
1890,262
1891,250
1892,262
1893,169
1894,147
1895,106
1896,72
1897,35
1898,14
1899,8
1900,5
1901,6
1902,23
1903,98
1904,254
1905,384
1906,219
1907,133
1908,149
1909,185
1910,183
1911,173
1912,183
1913,287
1914,536
1915,536
1916,370
1917,271
1918,202
1919,135
1920,72
1921,35
1922,13
1923,7
1924,5
1925,6
1926,22
1927,98
1928,263
1929,378
1930,224
1931,136
1932,150
1933,189
1934,189
1935,175
1936,188
1937,294
1938,568
1939,562
1940,381
1941,276
1942,200
1943,146
1944,80
1945,34
1946,14
1947,7
1948,5
1949,5
1950,22
1951,96
1952,254
1953,374
1954,212
1955,134
1956,147
1957,180
1958,179
1959,167
1960,176
1961,274
1962,521
1963,521
1964,372
1965,277
1966,215
1967,153
1968,86
1969,41
1970,16
1971,9
1972,5
1973,6
1974,23
1975,100
1976,277
1977,430
1978,218
1979,128
1980,96
1981,108
1982,149
1983,142
1984,158
1985,178
1986,317
1987,300
1988,276
1989,198
1990,168
1991,111
1992,78
1993,41
1994,18
1995,11
1996,5
1997,5
1998,18
1999,83
2000,218
2001,397
2002,229
2003,146
2004,167
2005,205
2006,213
2007,196
2008,212
2009,315
2010,431
2011,395
2012,264
2013,209
2014,179
2015,154
2016,125
2017,98
2018,76
2019,52
2020,20
2021,8
2022,8
2023,19
2024,45
2025,100
2026,134
2027,226
2028,154
2029,188
2030,184
2031,111
2032,119
2033,129
2034,87
2035,32
2036,65
2037,173
2038,264
2039,334
2040,383
2041,394
2042,366
2043,366
2044,401
2045,378
2046,340
2047,285
2048,220
2049,173
2050,113
2051,59
2052,36
2053,14
2054,8
2055,5
2056,6
2057,22
2058,96
2059,254
2060,374
2061,208
2062,131
2063,146
2064,184
2065,180
2066,169
2067,183
2068,290
2069,532
2070,527
2071,371
2072,257
2073,199
2074,132
2075,71
2076,34
2077,13
2078,7
2079,5
2080,6
2081,23
2082,96
2083,250
2084,380
2085,221
2086,137
2087,153
2088,188
2089,189
2090,177
2091,187
2092,295
2093,564
2094,553
2095,376
2096,275
2097,199
2098,142
2099,78
2100,31
2101,12
2102,7
2103,5
2104,5
2105,21
2106,95
2107,253
2108,365
2109,206
2110,134
2111,149
2112,184
2113,188
2114,174
2115,185
2116,285
2117,555
2118,539
2119,376
2120,279
2121,219
2122,139
2123,76
2124,31
2125,10
2126,6
2127,4
2128,6
2129,22
2130,93
2131,210
2132,210
2133,116
2134,73
2135,73
2136,89
2137,90
2138,98
2139,159
2140,191
2141,369
2142,354
2143,178
2144,100
2145,89
2146,77
2147,46
2148,11
2149,5
2150,3
2151,3
2152,4
2153,13
2154,66
2155,154
2156,245
2157,105
2158,80
2159,118
2160,150
2161,161
2162,154
2163,166
2164,251
2165,441
2166,263
2167,100
2168,73
2169,95
2170,71
2171,61
2172,22
2173,7
2174,6
2175,3
2176,4
2177,17
2178,72
2179,153
2180,289
2181,172
2182,110
2183,115
2184,138
2185,137
2186,133
2187,166
2188,257
2189,443
2190,324
2191,192
2192,126
2193,122
2194,82
2195,56
2196,26
2197,10
2198,9
2199,4
2200,3
2201,16
2202,78
2203,144
2204,273
2205,109
2206,54
2207,59
2208,86
2209,69
2210,68
2211,111
2212,119
2213,192
2214,185
2215,186
2216,108
2217,127
2218,116
2219,93
2220,64
2221,54
2222,39
2223,17
2224,8
2225,8
2226,16
2227,44
2228,87
2229,121
2230,159
2231,243
2232,255
2233,301
2234,344
2235,342
2236,309
2237,338
2238,259
2239,142
2240,159
2241,144
2242,102
2243,96
2244,85
2245,80
2246,28
2247,14
2248,8
2249,9
2250,15
2251,37
2252,74
2253,141
2254,204
2255,306
2256,329
2257,333
2258,327
2259,321
2260,388
2261,326
2262,302
2263,181
2264,150
2265,95
2266,98
2267,56
2268,16
2269,10
2270,6
2271,3
2272,4
2273,21
2274,73
2275,163
2276,290
2277,190
2278,106
2279,139
2280,155
2281,165
2282,169
2283,186
2284,292
2285,531
2286,385
2287,297
2288,157
2289,139
2290,101
2291,60
2292,22
2293,9
2294,5
2295,3
2296,4
2297,14
2298,79
2299,193
2300,373
2301,148
2302,66
2303,109
2304,117
2305,163
2306,148
2307,147
2308,202
2309,297
2310,276
2311,207
2312,233
2313,170
2314,114
2315,65
2316,25
2317,10
2318,6
2319,3
2320,5
2321,14
2322,51
2323,109
2324,254
2325,139
2326,65
2327,122
2328,151
2329,168
2330,174
2331,179
2332,283
2333,531
2334,319
2335,229
2336,139
2337,107
2338,115
2339,66
2340,27
2341,10
2342,7
2343,4
2344,5
2345,22
2346,93
2347,239
2348,424
2349,232
2350,142
2351,158
2352,196
2353,194
2354,181
2355,192
2356,301
2357,541
2358,556
2359,385
2360,286
2361,201
2362,153
2363,107
2364,49
2365,27
2366,13
2367,6
2368,6
2369,23
2370,98
2371,247
2372,441
2373,248
2374,159
2375,183
2376,226
2377,225
2378,209
2379,227
2380,340
2381,548
2382,455
2383,302
2384,225
2385,182
2386,152
2387,120
2388,25
2389,14
2390,7
2391,4
2392,5
2393,21
2394,94
2395,225
2396,386
2397,183
2398,138
2399,142
2400,170
2401,154
2402,145
2403,162
2404,238
2405,424
2406,413
2407,297
2408,207
2409,142
2410,114
2411,81
2412,40
2413,19
2414,10
2415,5
2416,5
2417,18
2418,87
2419,220
2420,406
2421,221
2422,152
2423,177
2424,213
2425,205
2426,205
2427,212
2428,295
2429,440
2430,353
2431,230
2432,173
2433,134
2434,120
2435,95
2436,70
2437,58
2438,38
2439,18
2440,7
2441,7
2442,18
2443,44
2444,120
2445,169
2446,224
2447,267
2448,340
2449,358
2450,314
2451,330
2452,369
2453,307
2454,238
2455,193
2456,160
2457,124
2458,116
2459,95
2460,69
2461,61
2462,38
2463,21
2464,8
2465,6
2466,12
2467,33
2468,80
2469,164
2470,238
2471,284
2472,333
2473,346
2474,335
2475,333
2476,359
2477,302
2478,273
2479,189
2480,146
2481,112
2482,85
2483,56
2484,30
2485,9
2486,5
2487,3
2488,5
2489,19
2490,89
2491,195
2492,371
2493,197
2494,115
2495,133
2496,167
2497,173
2498,161
2499,192
2500,266
2501,463
2502,481
2503,185
2504,186
2505,122
2506,118
2507,69
2508,31
2509,12
2510,5
2511,3
2512,4
2513,19
2514,93
2515,232
2516,409
2517,221
2518,134
2519,153
2520,193
2521,198
2522,186
2523,201
2524,304
2525,559
2526,483
2527,303
2528,224
2529,145
2530,123
2531,68
2532,32
2533,11
2534,6
2535,4
2536,5
2537,20
2538,89
2539,228
2540,388
2541,216
2542,133
2543,152
2544,164
2545,149
2546,143
2547,156
2548,228
2549,417
2550,417
2551,250
2552,136
2553,165
2554,96
2555,61
2556,22
2557,9
2558,4
2559,2
2560,3
2561,14
2562,52
2563,179
2564,225
2565,206
2566,69
2567,70
2568,71
2569,109
2570,126
2571,141
2572,256
2573,370
2574,369
2575,236
2576,176
2577,135
2578,97
2579,68
2580,37
2581,16
2582,7
2583,3
2584,3
2585,16
2586,78
2587,196
2588,387
2589,227
2590,134
2591,159
2592,195
2593,191
2594,172
2595,185
2596,240
2597,388
2598,354
2599,236
2600,113
2601,79
2602,62
2603,43
2604,46
2605,33
2606,21
2607,10
2608,4
2609,6
2610,10
2611,20
2612,64
2613,86
2614,116
2615,134
2616,109
2617,107
2618,111
2619,174
2620,139
2621,119
2622,99
2623,76
2624,64
2625,55
2626,58
2627,57
2628,57
2629,49
2630,27
2631,14
2632,4
2633,3
2634,8
2635,23
2636,58
2637,130
2638,229
2639,276
2640,315
2641,326
2642,328
2643,328
2644,313
2645,276
2646,220
2647,264
2648,121
2649,91
2650,69
2651,38
2652,15
2653,7
2654,3
2655,2
2656,3
2657,14
2658,79
2659,193
2660,389
2661,214
2662,122
2663,140
2664,174
2665,161
2666,146
2667,168
2668,226
2669,415
2670,388
2671,269
2672,190
2673,127
2674,94
2675,57
2676,78
2677,68
2678,43
2679,22
2680,8
2681,7
2682,16
2683,68
2684,91
2685,166
2686,225
2687,285
2688,314
2689,322
2690,323
2691,295
2692,333
2693,314
2694,282
2695,211
2696,179
2697,127
2698,64
2699,48
2700,18
2701,7
2702,4
2703,3
2704,4
2705,13
2706,70
2707,209
2708,356
2709,172
2710,116
2711,121
2712,151
2713,150
2714,130
2715,80
2716,110
2717,184
2718,188
2719,144
2720,102
2721,84
2722,61
2723,41
2724,14
2725,7
2726,4
2727,3
2728,4
2729,16
2730,97
2731,129
2732,230
2733,103
2734,53
2735,65
2736,54
2737,52
2738,49
2739,63
2740,89
2741,157
2742,137
2743,144
2744,151
2745,128
2746,107
2747,70
2748,20
2749,7
2750,4
2751,3
2752,5
2753,21
2754,62
2755,148
2756,369
2757,210
2758,108
2759,124
2760,169
2761,145
2762,148
2763,146
2764,193
2765,246
2766,343
2767,263
2768,184
2769,129
2770,97
2771,57
2772,38
2773,23
2774,12
2775,8
2776,7
2777,9
2778,25
2779,54
2780,139
2781,184
2782,232
2783,257
2784,309
2785,307
2786,291
2787,292
2788,325
2789,310
2790,248
2791,220
2792,146
2793,125
2794,106
2795,75
2796,46
2797,34
2798,19
2799,10
2800,7
2801,9
2802,22
2803,66
2804,127
2805,178
2806,227
2807,277
2808,332
2809,340
2810,327
2811,325
2812,353
2813,316
2814,275
2815,200
2816,168
2817,123
2818,109
2819,88
2820,65
2821,55
2822,33
2823,16
2824,7
2825,7
2826,15
2827,36
2828,104
2829,157
2830,218
2831,281
2832,314
2833,350
2834,312
2835,324
2836,333
2837,293
2838,223
2839,190
2840,155
2841,108
2842,104
2843,96
2844,82
2845,71
2846,45
2847,24
2848,9
2849,7
2850,16
2851,53
2852,100
2853,173
2854,243
2855,291
2856,338
2857,341
2858,393
2859,391
2860,374
2861,324
2862,269
2863,216
2864,172
2865,134
2866,103
2867,62
2868,32
2869,12
2870,4
2871,6
2872,21
2873,101
2874,229
2875,370
2876,193
2877,124
2878,137
2879,187
2880,173
2881,171
2882,182
2883,277
2884,510
2885,490
2886,321
2887,218
2888,167
2889,109
2890,62
2891,29
2892,12
2893,5
2894,3
2895,5
2896,23
2897,98
2898,271
2899,415
2900,189
2901,110
2902,65
2903,77
2904,78
2905,69
2906,71
2907,102
2908,256
2909,286
2910,202
2911,144
2912,117
2913,101
2914,56
2915,25
2916,9
2917,5
2918,3
2919,4
2920,17
2921,92
2922,244
2923,444
2924,209
2925,118
2926,132
2927,147
2928,152
2929,141
2930,153
2931,205
2932,340
2933,341
2934,232
2935,161
2936,117
2937,92
2938,55
2939,26
2940,11
2941,5
2942,3
2943,5
2944,18
2945,88
2946,227
2947,396
2948,205
2949,118
2950,127
2951,155
2952,154
2953,141
2954,149
2955,216
2956,400
2957,383
2958,270
2959,191
2960,138
2961,100
2962,62
2963,14
2964,6
2965,2
2966,1
2967,2
2968,7
2969,37
2970,111
2971,88
2972,114
2973,79
2974,81
2975,28
2976,22
2977,66
2978,73
2979,24
2980,48
2981,104
2982,127
2983,87
2984,90
2985,80
2986,49
2987,21
2988,8
2989,5
2990,2
2991,2
2992,8
2993,42
2994,113
2995,225
2996,123
2997,70
2998,75
2999,116
3000,115
3001,106
3002,115
3003,163
3004,217
3005,216
3006,152
3007,49
3008,43
3009,33
3010,23
3011,14
3012,9
3013,5
3014,2
3015,1
3016,7
3017,40
3018,113
3019,239
3020,123
3021,78
3022,85
3023,96
3024,98
3025,94
3026,101
3027,119
3028,206
3029,187
3030,129
3031,79
3032,68
3033,58
3034,49
3035,36
3036,28
3037,17
3038,9
3039,3
3040,2
3041,4
3042,14
3043,41
3044,70
3045,92
3046,125
3047,156
3048,150
3049,145
3050,143
3051,136
3052,105
3053,102
3054,83
3055,56
3056,49
3057,42
3058,37
3059,33
3060,32
3061,19
3062,11
3063,2
3064,2
3065,8
3066,19
3067,51
3068,86
3069,118
3070,112
3071,134
3072,137
3073,141
3074,130
3075,120
3076,97
3077,79
3078,60
3079,42
3080,28
3081,21
3082,20
3083,16
3084,8
3085,2
3086,3
3087,5
3088,25
3089,62
3090,77
3091,96
3092,99
3093,139
3094,152
3095,147
3096,150
3097,137
3098,127
3099,120
3100,92
3101,74
3102,57
3103,42
3104,26
3105,11
3106,5
3107,2
3108,1
3109,1
3110,5
3111,32
3112,92
3113,222
3114,56
3115,64
3116,31
3117,31
3118,32
3119,24
3120,28
3121,34
3122,100
3123,159
3124,133
3125,88
3126,73
3127,50
3128,27
3129,12
3130,7
3131,2
3132,1
3133,6
3134,40
3135,111
3136,210
3137,117
3138,65
3139,71
3140,68
3141,74
3142,69
3143,74
3144,92
3145,181
3146,168
3147,118
3148,86
3149,66
3150,49
3151,26
3152,11
3153,4
3154,2
3155,1
3156,1
3157,5
3158,35
3159,101
3160,206
3161,101
3162,49
3163,56
3164,67
3165,72
3166,73
3167,76
3168,97
3169,183
3170,174
3171,128
3172,83
3173,67
3174,51
3175,39
3176,21
3177,9
3178,5
3179,2
3180,1
3181,6
3182,37
3183,103
3184,219
3185,133
3186,65
3187,81
3188,99
3189,97
3190,93
3191,108
3192,128
3193,212
3194,190
3195,106
3196,86
3197,70
3198,58
3199,44
3200,32
3201,29
3202,16
3203,7
3204,3
3205,2
3206,5
3207,12
3208,59
3209,94
3210,126
3211,148
3212,235
3213,208
3214,209
3215,195
3216,156
3217,139
3218,124
3219,105
3220,88
3221,73
3222,63
3223,53
3224,19
3225,12
3226,8
3227,4
3228,3
3229,20
3230,86
3231,207
3232,431
3233,216
3234,104
3235,101
3236,120
3237,146
3238,124
3239,145
3240,174
3241,301
3242,276
3243,192
3244,138
3245,110
3246,85
3247,36
3248,39
3249,31
3250,25
3251,16
3252,5
3253,5
3254,7
3255,20
3256,65
3257,89
3258,73
3259,116
3260,174
3261,160
3262,99
3263,106
3264,126
3265,111
3266,110
3267,79
3268,73
3269,67
3270,60
3271,46
3272,43
3273,37
3274,29
3275,16
3276,4
3277,4
3278,5
3279,15
3280,41
3281,84
3282,105
3283,85
3284,152
3285,175
3286,168
3287,149
3288,149
3289,150
3290,73
3291,60
3292,45
3293,38
3294,41
3295,22
3296,10
3297,5
3298,3
3299,2
3300,3
3301,14
3302,61
3303,93
3304,164
3305,161
3306,79
3307,85
3308,87
3309,59
3310,57
3311,95
3312,149
3313,243
3314,264
3315,179
3316,128
3317,89
3318,61
3319,25
3320,8
3321,6
3322,3
3323,2
3324,3
3325,16
3326,82
3327,228
3328,417
3329,186
3330,100
3331,109
3332,116
3333,116
3334,125
3335,154
3336,218
3337,408
3338,402
3339,288
3340,170
3341,150
3342,94
3343,52
3344,12
3345,8
3346,4
3347,2
3348,2
3349,17
3350,96
3351,232
3352,458
3353,234
3354,93
3355,101
3356,153
3357,159
3358,142
3359,174
3360,207
3361,380
3362,329
3363,241
3364,171
3365,136
3366,101
3367,48
3368,23
3369,9
3370,5
3371,3
3372,3
3373,21
3374,93
3375,246
3376,459
3377,217
3378,103
3379,100
3380,135
3381,160
3382,153
3383,167
3384,217
3385,372
3386,361
3387,278
3388,176
3389,151
3390,123
3391,65
3392,29
3393,13
3394,11
3395,3
3396,3
3397,19
3398,78
3399,196
3400,171
3401,103
3402,70
3403,167
3404,174
3405,215
3406,188
3407,223
3408,221
3409,338
3410,337
3411,234
3412,150
3413,112
3414,106
3415,68
3416,54
3417,50
3418,33
3419,16
3420,5
3421,5
3422,8
3423,26
3424,82
3425,117
3426,161
3427,208
3428,224
3429,273
3430,295
3431,298
3432,303
3433,278
3434,246
3435,175
3436,159
3437,123
3438,111
3439,75
3440,70
3441,40
3442,27
3443,18
3444,5
3445,4
3446,5
3447,19
3448,47
3449,98
3450,178
3451,213
3452,241
3453,242
3454,230
3455,275
3456,259
3457,227
3458,165
3459,126
3460,87
3461,76
3462,55
3463,31
3464,15
3465,5
3466,2
3467,2
3468,3
3469,17
3470,84
3471,191
3472,385
3473,199
3474,95
3475,109
3476,132
3477,143
3478,143
3479,150
3480,211
3481,394
3482,366
3483,230
3484,158
3485,128
3486,88
3487,43
3488,17
3489,6
3490,4
3491,2
3492,3
3493,20
3494,90
3495,215
3496,442
3497,221
3498,108
3499,151
3500,173
3501,198
3502,180
3503,193
3504,273
3505,496
3506,482
3507,349
3508,203
3509,182
3510,112
3511,56
3512,31
3513,26
3514,14
3515,7
3516,3
3517,8
3518,27
3519,76
3520,103
3521,139
3522,182
3523,237
3524,232
3525,247
3526,261
3527,289
3528,263
3529,213
3530,176
3531,149
3532,107
3533,94
3534,51
3535,15
3536,6
3537,4
3538,2
3539,16
3540,86
3541,234
3542,453
3543,239
3544,104
3545,100
3546,131
3547,149
3548,127
3549,147
3550,210
3551,421
3552,406
3553,264
3554,184
3555,154
3556,111
3557,53
3558,22
3559,9
3560,4
3561,2
3562,3
3563,20
3564,103
3565,284
3566,512
3567,245
3568,128
3569,145
3570,173
3571,177
3572,167
3573,201
3574,268
3575,507
3576,490
3577,355
3578,215
3579,185
3580,129
3581,67
3582,31
3583,11
3584,6
3585,2
3586,3
3587,21
3588,104
3589,280
3590,538
3591,256
3592,153
3593,178
3594,224
3595,229
3596,208
3597,222
3598,320
3599,540
3600,540
3601,386
3602,262
3603,172
3604,140
3605,88
3606,44
3607,21
3608,7
3609,4
3610,3
3611,20
3612,105
3613,276
3614,486
3615,121
3616,77
3617,164
3618,210
3619,212
3620,224
3621,105
3622,137
3623,252
3624,368
3625,291
3626,189
3627,123
3628,108
3629,72
3630,68
3631,52
3632,34
3633,13
3634,4
3635,4
3636,9
3637,35
3638,75
3639,68
3640,167
3641,202
3642,221
3643,245
3644,226
3645,251
3646,198
3647,195
3648,137
3649,112
3650,82
3651,82
3652,73
3653,55
3654,43
3655,36
3656,24
3657,18
3658,4
3659,3
3660,4
3661,15
3662,40
3663,95
3664,176
3665,212
3666,259
3667,300
3668,297
3669,307
3670,279
3671,240
3672,184
3673,154
3674,100
3675,79
3676,63
3677,35
3678,16
3679,6
3680,3
3681,2
3682,3
3683,17
3684,86
3685,217
3686,491
3687,235
3688,117
3689,144
3690,178
3691,177
3692,189
3693,191
3694,264
3695,483
3696,467
3697,338
3698,227
3699,179
3700,118
3701,59
3702,23
3703,9
3704,5
3705,2
3706,2
3707,18
3708,90
3709,220
3710,424
3711,227
3712,110
3713,139
3714,176
3715,176
3716,172
3717,189
3718,242
3719,456
3720,435
3721,312
3722,207
3723,152
3724,113
3725,53
3726,24
3727,9
3728,4
3729,2
3730,19
3731,97
3732,246
3733,501
3734,124
3735,59
3736,62
3737,56
3738,132
3739,123
3740,150
3741,99
3742,428
3743,223
3744,301
3745,123
3746,100
3747,73
3748,41
3749,30
3750,12
3751,6
3752,3
3753,4
3754,22
3755,123
3756,128
3757,625
3758,323
3759,197
3760,183
3761,229
3762,228
3763,210
3764,240
3765,367
3766,593
3767,618
3768,424
3769,308
3770,239
3771,160
3772,67
3773,39
3774,18
3775,7
3776,5
3777,5
3778,33
3779,155
3780,164
3781,288
3782,340
3783,178
3784,185
3785,241
3786,203
3787,218
3788,238
3789,385
3790,736
3791,723
3792,600
3793,346
3794,237
3795,171
3796,126
3797,56
3798,21
3799,11
3800,7
3801,5
3802,26
3803,130
3804,375
3805,772
3806,325
3807,151
3808,177
3809,228
3810,261
3811,254
3812,288
3813,456
3814,836
3815,833
3816,621
3817,367
3818,272
3819,186
3820,138
3821,72
3822,29
3823,15
3824,7
3825,6
3826,31
3827,146
3828,407
3829,838
3830,345
3831,217
3832,251
3833,360
3834,355
3835,335
3836,354
3837,506
3838,818
3839,765
3840,559
3841,398
3842,303
3843,253
3844,179
3845,156
3846,131
3847,75
3848,32
3849,12
3850,13
3851,29
3852,94
3853,237
3854,247
3855,356
3856,425
3857,244
3858,262
3859,180
3860,182
3861,194
3862,174
3863,201
3864,186
3865,136
3866,104
3867,82
3868,119
3869,80
3870,63
3871,29
3872,21
3873,14
3874,9
3875,15
3876,57
3877,110
3878,202
3879,255
3880,327
3881,369
3882,386
3883,382
3884,361
3885,469
3886,473
3887,426
3888,344
3889,218
3890,174
3891,110
3892,69
3893,34
3894,16
3895,7
3896,5
3897,6
3898,36
3899,149
3900,391
3901,670
3902,327
3903,180
3904,198
3905,270
3906,252
3907,267
3908,258
3909,360
3910,748
3911,646
3912,441
3913,264
3914,186
3915,128
3916,64
3917,25
3918,9
3919,4
3920,4
3921,4
3922,26
3923,136
3924,351
3925,619
3926,340
3927,149
3928,177
3929,234
3930,244
3931,246
3932,270
3933,359
3934,729
3935,687
3936,492
3937,326
3938,205
3939,145
3940,83
3941,36
3942,12
3943,6
3944,5
3945,5
3946,31
3947,138
3948,340
3949,620
3950,312
3951,210
3952,232
3953,275
3954,288
3955,281
3956,284
3957,308
3958,863
3959,855
3960,612
3961,432
3962,294
3963,210
3964,119
3965,59
3966,24
3967,10
3968,6
3969,7
3970,37
3971,160
3972,419
3973,664
3974,334
3975,205
3976,236
3977,266
3978,285
3979,270
3980,291
3981,419
3982,750
3983,731
3984,526
3985,357
3986,219
3987,174
3988,118
3989,58
3990,26
3991,14
3992,8
3993,6
3994,33
3995,141
3996,338
3997,673
3998,346
3999,195
4000,232
4001,286
4002,157
4003,140
4004,159
4005,172
4006,613
4007,596
4008,416
4009,279
4010,201
4011,167
4012,139
4013,119
4014,98
4015,55
4016,25
4017,10
4018,12
4019,24
4020,70
4021,161
4022,248
4023,324
4024,468
4025,522
4026,592
4027,529
4028,521
4029,550
4030,486
4031,330
4032,305
4033,216
4034,165
4035,160
4036,104
4037,67
4038,26
4039,11
4040,5
4041,4
4042,20
4043,116
4044,255
4045,521
4046,313
4047,218
4048,259
4049,337
4050,358
4051,331
4052,344
4053,496
4054,769
4055,713
4056,521
4057,333
4058,239
4059,195
4060,160
4061,124
4062,103
4063,67
4064,24
4065,10
4066,11
4067,26
4068,82
4069,190
4070,268
4071,429
4072,530
4073,622
4074,635
4075,630
4076,628
4077,649
4078,569
4079,454
4080,186
4081,93
4082,71
4083,142
4084,106
4085,96
4086,80
4087,68
4088,32
4089,12
4090,10
4091,17
4092,30
4093,63
4094,107
4095,143
4096,155
4097,159
4098,171
4099,153
4100,163
4101,157
4102,113
4103,95
4104,71
4105,75
4106,57
4107,29
4108,27
4109,17
4110,6
4111,3
4112,2
4113,2
4114,13
4115,86
4116,131
4117,492
4118,232
4119,122
4120,124
4121,84
4122,103
4123,97
4124,182
4125,92
4126,179
4127,234
4128,287
4129,198
4130,127
4131,106
4132,63
4133,23
4134,9
4135,4
4136,3
4137,3
4138,24
4139,110
4140,278
4141,575
4142,292
4143,176
4144,215
4145,262
4146,265
4147,245
4148,259
4149,378
4150,697
4151,696
4152,494
4153,314
4154,214
4155,148
4156,87
4157,38
4158,13
4159,6
4160,3
4161,5
4162,28
4163,126
4164,341
4165,652
4166,323
4167,205
4168,227
4169,273
4170,277
4171,255
4172,279
4173,400
4174,736
4175,724
4176,528
4177,365
4178,255
4179,174
4180,101
4181,44
4182,18
4183,9
4184,5
4185,6
4186,32
4187,135
4188,163
4189,307
4190,157
4191,143
4192,155
4193,190
4194,201
4195,210
4196,180
4197,258
4198,600
4199,555
4200,411
4201,316
4202,213
4203,165
4204,106
4205,62
4206,29
4207,16
4208,6
4209,6
4210,30
4211,137
4212,309
4213,655
4214,316
4215,219
4216,248
4217,319
4218,321
4219,297
4220,303
4221,442
4222,708
4223,635
4224,424
4225,286
4226,180
4227,165
4228,122
4229,101
4230,66
4231,54
4232,22
4233,9
4234,9
4235,22
4236,70
4237,183
4238,260
4239,340
4240,417
4241,458
4242,459
4243,477
4244,465
4245,445
4246,397
4247,245
4248,156
4249,213
4250,96
4251,132
4252,118
4253,69
4254,81
4255,57
4256,30
4257,11
4258,9
4259,14
4260,41
4261,114
4262,221
4263,346
4264,442
4265,519
4266,519
4267,507
4268,525
4269,573
4270,502
4271,445
4272,362
4273,246
4274,172
4275,112
4276,67
4277,36
4278,13
4279,6
4280,5
4281,5
4282,27
4283,128
4284,334
4285,634
4286,311
4287,177
4288,192
4289,229
4290,247
4291,229
4292,249
4293,397
4294,731
4295,684
4296,474
4297,310
4298,218
4299,144
4300,80
4301,147
4302,117
4303,77
4304,35
4305,13
4306,12
4307,24
4308,72
4309,139
4310,268
4311,420
4312,526
4313,610
4314,600
4315,574
4316,521
4317,594
4318,539
4319,490
4320,404
4321,288
4322,195
4323,128
4324,56
4325,19
4326,8
4327,4
4328,4
4329,3
4330,17
4331,61
4332,148
4333,264
4334,149
4335,93
4336,164
4337,184
4338,99
4339,90
4340,225
4341,319
4342,647
4343,663
4344,516
4345,353
4346,255
4347,143
4348,88
4349,39
4350,13
4351,7
4352,5
4353,6
4354,19
4355,68
4356,165
4357,632
4358,293
4359,171
4360,178
4361,215
4362,222
4363,208
4364,274
4365,418
4366,778
4367,783
4368,516
4369,360
4370,244
4371,177
4372,103
4373,50
4374,17
4375,7
4376,7
4377,4
4378,20
4379,160
4380,453
4381,681
4382,325
4383,198
4384,215
4385,258
4386,248
4387,267
4388,270
4389,314
4390,458
4391,457
4392,349
4393,246
4394,197
4395,152
4396,114
4397,56
4398,20
4399,10
4400,5
4401,6
4402,36
4403,165
4404,468
4405,696
4406,353
4407,218
4408,242
4409,311
4410,308
4411,277
4412,296
4413,442
4414,802
4415,815
4416,589
4417,351
4418,132
4419,179
4420,138
4421,71
4422,31
4423,14
4424,7
4425,7
4426,34
4427,157
4428,451
4429,718
4430,382
4431,236
4432,259
4433,348
4434,356
4435,325
4436,339
4437,478
4438,764
4439,740
4440,548
4441,399
4442,298
4443,251
4444,205
4445,150
4446,116
4447,76
4448,28
4449,12
4450,13
4451,30
4452,87
4453,189
4454,248
4455,369
4456,485
4457,580
4458,587
4459,562
4460,555
4461,608
4462,541
4463,505
4464,423
4465,337
4466,260
4467,238
4468,198
4469,139
4470,128
4471,81
4472,38
4473,13
4474,12
4475,20
4476,61
4477,118
4478,201
4479,363
4480,463
4481,525
4482,544
4483,512
4484,508
4485,539
4486,497
4487,467
4488,400
4489,295
4490,125
4491,70
4492,54
4493,98
4494,61
4495,38
4496,16
4497,12
4498,15
4499,32
4500,95
4501,202
4502,287
4503,371
4504,440
4505,532
4506,495
4507,475
4508,485
4509,539
4510,562
4511,536
4512,494
4513,371
4514,286
4515,210
4516,121
4517,44
4518,17
4519,9
4520,5
4521,7
4522,36
4523,160
4524,429
4525,654
4526,312
4527,186
4528,212
4529,270
4530,267
4531,247
4532,262
4533,386
4534,749
4535,732
4536,545
4537,273
4538,101
4539,128
4540,55
4541,28
4542,12
4543,6
4544,4
4545,6
4546,36
4547,167
4548,205
4549,667
4550,335
4551,187
4552,215
4553,302
4554,298
4555,277
4556,289
4557,437
4558,821
4559,819
4560,601
4561,333
4562,326
4563,235
4564,154
4565,60
4566,22
4567,11
4568,7
4569,7
4570,38
4571,168
4572,442
4573,698
4574,362
4575,228
4576,254
4577,322
4578,319
4579,290
4580,305
4581,455
4582,848
4583,847
4584,619
4585,447
4586,333
4587,257
4588,184
4589,47
4590,19
4591,9
4592,6
4593,7
4594,39
4595,166
4596,474
4597,727
4598,333
4599,184
4600,201
4601,244
4602,249
4603,227
4604,237
4605,362
4606,701
4607,698
4608,549
4609,419
4610,316
4611,242
4612,152
4613,57
4614,21
4615,10
4616,6
4617,7
4618,39
4619,175
4620,472
4621,643
4622,317
4623,177
4624,203
4625,245
4626,241
4627,237
4628,220
4629,362
4630,711
4631,720
4632,530
4633,398
4634,317
4635,238
4636,176
4637,74
4638,35
4639,16
4640,7
4641,7
4642,36
4643,157
4644,402
4645,650
4646,348
4647,226
4648,264
4649,306
4650,293
4651,274
4652,284
4653,411
4654,765
4655,686
4656,494
4657,344
4658,205
4659,244
4660,178
4661,140
4662,139
4663,65
4664,26
4665,12
4666,13
4667,27
4668,76
4669,202
4670,312
4671,418
4672,524
4673,596
4674,602
4675,611
4676,577
4677,615
4678,581
4679,517
4680,439
4681,359
4682,284
4683,256
4684,218
4685,159
4686,137
4687,89
4688,41
4689,14
4690,13
4691,25
4692,73
4693,141
4694,270
4695,420
4696,515
4697,576
4698,590
4699,548
4700,508
4701,558
4702,515
4703,486
4704,418
4705,303
4706,234
4707,173
4708,107
4709,46
4710,18
4711,9
4712,6
4713,8
4714,39
4715,164
4716,442
4717,646
4718,337
4719,195
4720,223
4721,281
4722,286
4723,259
4724,282
4725,425
4726,804
4727,799
4728,575
4729,408
4730,300
4731,201
4732,113
4733,37
4734,15
4735,8
4736,6
4737,7
4738,36
4739,157
4740,417
4741,673
4742,339
4743,212
4744,238
4745,297
4746,295
4747,278
4748,290
4749,428
4750,843
4751,829
4752,605
4753,444
4754,330
4755,227
4756,127
4757,45
4758,18
4759,8
4760,6
4761,7
4762,39
4763,163
4764,450
4765,692
4766,355
4767,216
4768,239
4769,296
4770,284
4771,274
4772,281
4773,424
4774,818
4775,803
4776,597
4777,445
4778,333
4779,251
4780,159
4781,60
4782,22
4783,11
4784,7
4785,7
4786,38
4787,166
4788,454
4789,697
4790,360
4791,211
4792,230
4793,286
4794,275
4795,261
4796,277
4797,408
4798,767
4799,763
4800,572
4801,431
4802,321
4803,248
4804,181
4805,83
4806,36
4807,17
4808,8
4809,8
4810,39
4811,174
4812,428
4813,696
4814,354
4815,177
4816,215
4817,266
4818,227
4819,215
4820,217
4821,310
4822,526
4823,477
4824,408
4825,297
4826,234
4827,149
4828,137
4829,108
4830,89
4831,60
4832,25
4833,10
4834,14
4835,31
4836,88
4837,196
4838,259
4839,367
4840,478
4841,549
4842,550
4843,537
4844,532
4845,519
4846,527
4847,448
4848,422
4849,351
4850,273
4851,242
4852,208
4853,44
4854,34
4855,16
4856,8
4857,8
4858,41
4859,182
4860,475
4861,696
4862,359
4863,211
4864,152
4865,134
4866,132
4867,133
4868,242
4869,291
4870,474
4871,510
4872,302
4873,120
4874,97
4875,163
4876,134
4877,84
4878,103
4879,44
4880,20
4881,8
4882,10
4883,18
4884,80
4885,171
4886,228
4887,177
4888,356
4889,191
4890,193
4891,390
4892,237
4893,232
4894,219
4895,313
4896,283
4897,138
4898,183
4899,152
4900,129
4901,153
4902,131
4903,91
4904,40
4905,13
4906,12
4907,19
4908,50
4909,115
4910,244
4911,358
4912,413
4913,493
4914,531
4915,516
4916,509
4917,528
4918,487
4919,461
4920,376
4921,261
4922,188
4923,151
4924,88
4925,42
4926,18
4927,8
4928,5
4929,7
4930,32
4931,164
4932,404
4933,628
4934,325
4935,188
4936,212
4937,272
4938,272
4939,248
4940,265
4941,401
4942,765
4943,768
4944,574
4945,409
4946,299
4947,206
4948,117
4949,52
4950,19
4951,9
4952,6
4953,7
4954,36
4955,155
4956,435
4957,620
4958,284
4959,178
4960,193
4961,250
4962,243
4963,229
4964,262
4965,397
4966,759
4967,749
4968,577
4969,411
4970,303
4971,210
4972,123
4973,44
4974,20
4975,10
4976,6
4977,7
4978,36
4979,157
4980,414
4981,676
4982,345
4983,211
4984,232
4985,291
4986,285
4987,261
4988,282
4989,419
4990,798
4991,793
4992,608
4993,452
4994,334
4995,246
4996,150
4997,62
4998,23
4999,11
5000,6
5001,7
5002,39
5003,172
5004,451
5005,717
5006,342
5007,191
5008,198
5009,247
5010,224
5011,203
5012,213
5013,288
5014,608
5015,601
5016,460
5017,383
5018,284
5019,219
5020,171
5021,83
5022,37
5023,18
5024,8
5025,8
5026,38
5027,164
5028,401
5029,631
5030,324
5031,207
5032,250
5033,302
5034,314
5035,272
5036,296
5037,445
5038,694
5039,692
5040,517
5041,390
5042,294
5043,250
5044,199
5045,174
5046,125
5047,70
5048,27
5049,12
5050,14
5051,31
5052,92
5053,197
5054,285
5055,378
5056,504
5057,564
5058,515
5059,538
5060,527
5061,563
5062,550
5063,504
5064,308
5065,260
5066,250
5067,222
5068,185
5069,181
5070,146
5071,98
5072,38
5073,13
5074,13
5075,20
5076,70
5077,134
5078,263
5079,399
5080,484
5081,552
5082,543
5083,528
5084,531
5085,554
5086,506
5087,482
5088,422
5089,298
5090,213
5091,158
5092,99
5093,54
5094,21
5095,11
5096,6
5097,7
5098,35
5099,150
5100,411
5101,672
5102,319
5103,192
5104,214
5105,273
5106,271
5107,251
5108,267
5109,400
5110,767
5111,753
5112,573
5113,377
5114,278
5115,179
5116,111
5117,48
5118,18
5119,9
5120,6
5121,7
5122,35
5123,162
5124,416
5125,646
5126,318
5127,192
5128,215
5129,273
5130,266
5131,249
5132,268
5133,404
5134,773
5135,766
5136,469
5137,275
5138,277
5139,205
5140,104
5141,32
5142,14
5143,7
5144,5
5145,6
5146,28
5147,147
5148,368
5149,565
5150,288
5151,174
5152,215
5153,274
5154,279
5155,264
5156,279
5157,422
5158,773
5159,467
5160,344
5161,191
5162,168
5163,103
5164,62
5165,31
5166,13
5167,6
5168,4
5169,6
5170,32
5171,143
5172,390
5173,585
5174,300
5175,205
5176,230
5177,290
5178,291
5179,272
5180,287
5181,433
5182,790
5183,803
5184,264
5185,319
5186,237
5187,150
5188,75
5189,38
5190,17
5191,9
5192,6
5193,6
5194,35
5195,150
5196,395
5197,627
5198,346
5199,212
5200,232
5201,290
5202,289
5203,270
5204,284
5205,355
5206,688
5207,630
5208,446
5209,346
5210,247
5211,191
5212,98
5213,55
5214,17
5215,9
5216,5
5217,6
5218,32
5219,143
5220,371
5221,698
5222,343
5223,211
5224,237
5225,299
5226,294
5227,268
5228,286
5229,437
5230,813
5231,802
5232,590
5233,429
5234,320
5235,229
5236,147
5237,73
5238,31
5239,17
5240,7
5241,7
5242,34
5243,133
5244,372
5245,673
5246,377
5247,234
5248,271
5249,348
5250,341
5251,323
5252,336
5253,480
5254,778
5255,723
5256,525
5257,350
5258,275
5259,235
5260,175
5261,166
5262,121
5263,77
5264,28
5265,13
5266,12
5267,28
5268,72
5269,181
5270,286
5271,412
5272,503
5273,454
5274,583
5275,383
5276,405
5277,455
5278,419
5279,420
5280,269
5281,112
5282,151
5283,134
5284,114
5285,152
5286,130
5287,88
5288,40
5289,14
5290,12
5291,19
5292,54
5293,112
5294,214
5295,389
5296,463
5297,310
5298,267
5299,313
5300,231
5301,242
5302,289
5303,236
5304,223
5305,175
5306,127
5307,92
5308,56
5309,35
5310,14
5311,7
5312,5
5313,6
5314,29
5315,127
5316,383
5317,578
5318,290
5319,187
5320,215
5321,276
5322,277
5323,257
5324,266
5325,409
5326,784
5327,781
5328,505
5329,361
5330,257
5331,146
5332,89
5333,40
5334,17
5335,8
5336,6
5337,7
5338,35
5339,162
5340,411
5341,527
5342,327
5343,201
5344,221
5345,275
5346,274
5347,254
5348,275
5349,417
5350,799
5351,810
5352,593
5353,427
5354,315
5355,220
5356,130
5357,46
5358,17
5359,8
5360,6
5361,7
5362,35
5363,157
5364,412
5365,682
5366,355
5367,209
5368,235
5369,292
5370,291
5371,272
5372,290
5373,443
5374,837
5375,833
5376,597
5377,426
5378,319
5379,236
5380,150
5381,54
5382,21
5383,10
5384,6
5385,6
5386,34
5387,148
5388,412
5389,661
5390,357
5391,216
5392,242
5393,299
5394,297
5395,275
5396,287
5397,432
5398,808
5399,807
5400,591
5401,426
5402,305
5403,223
5404,160
5405,70
5406,31
5407,16
5408,7
5409,7
5410,35
5411,156
5412,365
5413,689
5414,335
5415,234
5416,265
5417,336
5418,324
5419,304
5420,298
5421,430
5422,759
5423,695
5424,525
5425,386
5426,293
5427,251
5428,210
5429,58
5430,22
5431,12
5432,7
5433,7
5434,41
5435,177
5436,494
5437,782
5438,375
5439,228
5440,250
5441,314
5442,313
5443,291
5444,313
5445,464
5446,843
5447,844
5448,582
5449,395
5450,293
5451,209
5452,149
5453,74
5454,37
5455,20
5456,9
5457,9
5458,42
5459,182
5460,458
5461,718
5462,372
5463,254
5464,297
5465,372
5466,374
5467,345
5468,369
5469,527
5470,822
5471,785
5472,545
5473,371
5474,249
5475,218
5476,169
5477,136
5478,95
5479,69
5480,27
5481,12
5482,13
5483,27
5484,83
5485,199
5486,308
5487,438
5488,553
5489,631
5490,626
5491,614
5492,611
5493,654
5494,620
5495,559
5496,488
5497,390
5498,296
5499,260
5500,216
5501,154
5502,109
5503,85
5504,37
5505,13
5506,12
5507,22
5508,83
5509,146
5510,273
5511,417
5512,504
5513,584
5514,644
5515,621
5516,620
5517,664
5518,572
5519,472
5520,393
5521,267
5522,193
5523,142
5524,79
5525,44
5526,17
5527,9
5528,6
5529,7
5530,39
5531,164
5532,439
5533,754
5534,374
5535,216
5536,250
5537,304
5538,305
5539,280
5540,299
5541,448
5542,810
5543,778
5544,581
5545,377
5546,258
5547,170
5548,95
5549,40
5550,16
5551,8
5552,5
5553,7
5554,40
5555,171
5556,438
5557,764
5558,355
5559,218
5560,240
5561,301
5562,300
5563,288
5564,307
5565,460
5566,875
5567,860
5568,605
5569,428
5570,316
5571,218
5572,119
5573,36
5574,14
5575,6
5576,5
5577,8
5578,39
5579,173
5580,465
5581,726
5582,367
5583,212
5584,243
5585,305
5586,302
5587,282
5588,298
5589,452
5590,845
5591,844
5592,622
5593,421
5594,328
5595,149
5596,116
5597,60
5598,23
5599,12
5600,8
5601,7
5602,40
5603,169
5604,481
5605,729
5606,367
5607,221
5608,240
5609,302
5610,297
5611,280
5612,294
5613,435
5614,722
5615,742
5616,596
5617,378
5618,138
5619,105
5620,91
5621,44
5622,19
5623,10
5624,7
5625,6
5626,36
5627,142
5628,360
5629,687
5630,343
5631,223
5632,261
5633,364
5634,362
5635,338
5636,353
5637,509
5638,799
5639,747
5640,487
5641,320
5642,228
5643,209
5644,166
5645,151
5646,117
5647,66
5648,31
5649,13
5650,13
5651,34
5652,103
5653,211
5654,317
5655,403
5656,521
5657,673
5658,671
5659,666
5660,648
5661,684
5662,658
5663,524
5664,445
5665,337
5666,255
5667,210
5668,182
5669,146
5670,120
5671,81
5672,40
5673,14
5674,12
5675,22
5676,70
5677,148
5678,293
5679,423
5680,551
5681,644
5682,637
5683,615
5684,624
5685,647
5686,600
5687,473
5688,222
5689,158
5690,179
5691,125
5692,79
5693,117
5694,98
5695,57
5696,23
5697,10
5698,11
5699,26
5700,78
5701,200
5702,299
5703,409
5704,512
5705,600
5706,616
5707,610
5708,596
5709,623
5710,595
5711,506
5712,363
5713,284
5714,210
5715,167
5716,151
5717,122
5718,95
5719,62
5720,32
5721,12
5722,10
5723,20
5724,66
5725,130
5726,259
5727,391
5728,499
5729,578
5730,602
5731,578
5732,581
5733,585
5734,528
5735,460
5736,320
5737,213
5738,130
5739,104
5740,71
5741,35
5742,13
5743,7
5744,5
5745,6
5746,35
5747,149
5748,372
5749,658
5750,355
5751,215
5752,256
5753,314
5754,311
5755,284
5756,309
5757,475
5758,891
5759,730
5760,511
5761,322
5762,216
5763,131
5764,85
5765,30
5766,14
5767,6
5768,4
5769,6
5770,34
5771,153
5772,374
5773,699
5774,336
5775,228
5776,244
5777,299
5778,297
5779,291
5780,311
5781,467
5782,878
5783,837
5784,583
5785,369
5786,259
5787,183
5788,105
5789,45
5790,17
5791,8
5792,5
5793,6
5794,34
5795,149
5796,396
5797,664
5798,343
5799,203
5800,249
5801,313
5802,312
5803,302
5804,325
5805,489
5806,859
5807,863
5808,587
5809,398
5810,295
5811,213
5812,121
5813,53
5814,21
5815,11
5816,5
5817,6
5818,33
5819,149
5820,417
5821,669
5822,311
5823,181
5824,191
5825,242
5826,235
5827,256
5828,306
5829,422
5830,732
5831,511
5832,370
5833,258
5834,205
5835,157
5836,115
5837,66
5838,23
5839,11
5840,5
5841,6
5842,31
5843,141
5844,376
5845,680
5846,346
5847,217
5848,243
5849,295
5850,316
5851,323
5852,352
5853,416
5854,611
5855,547
5856,322
5857,226
5858,215
5859,155
5860,156
5861,115
5862,80
5863,47
5864,21
5865,9
5866,11
5867,26
5868,78
5869,195
5870,267
5871,397
5872,527
5873,662
5874,685
5875,649
5876,541
5877,584
5878,552
5879,489
5880,365
5881,267
5882,204
5883,178
5884,142
5885,82
5886,94
5887,56
5888,28
5889,12
5890,11
5891,23
5892,79
5893,125
5894,252
5895,377
5896,436
5897,458
5898,471
5899,454
5900,437
5901,380
5902,292
5903,209
5904,181
5905,139
5906,98
5907,69
5908,55
5909,21
5910,97
5911,90
5912,113
5913,158
5914,285
5915,283
5916,460
5917,190
5918,148
5919,115
5920,72
5921,29
5922,11
5923,5
5924,3
5925,4
5926,30
5927,138
5928,359
5929,672
5930,335
5931,183
5932,196
5933,264
5934,265
5935,233
5936,266
5937,345
5938,622
5939,597
5940,431
5941,272
5942,194
5943,146
5944,95
5945,31
5946,12
5947,6
5948,4
5949,6
5950,33
5951,148
5952,400
5953,674
5954,320
5955,183
5956,192
5957,226
5958,236
5959,222
5960,255
5961,328
5962,572
5963,572
5964,404
5965,251
5966,190
5967,145
5968,84
5969,31
5970,13
5971,5
5972,4
5973,5
5974,34
5975,154
5976,381
5977,733
5978,331
5979,195
5980,206
5981,258
5982,259
5983,258
5984,276
5985,350
5986,642
5987,630
5988,440
5989,264
5990,197
5991,146
5992,93
5993,63
5994,42
5995,18
5996,11
5997,9
5998,12
5999,30
6000,72
6001,168
6002,260
6003,326
6004,412
6005,451
6006,476
6007,458
6008,457
6009,501
6010,423
6011,382
6012,294
6013,218
6014,174
6015,142
6016,108
6017,68
6018,57
6019,23
6020,12
6021,9
6022,13
6023,30
6024,83
6025,201
6026,237
6027,324
6028,404
6029,469
6030,501
6031,494
6032,492
6033,529
6034,479
6035,415
6036,357
6037,276
6038,211
6039,147
6040,129
6041,115
6042,74
6043,39
6044,23
6045,7
6046,8
6047,18
6048,62
6049,114
6050,177
6051,259
6052,377
6053,372
6054,398
6055,383
6056,372
6057,387
6058,283
6059,247
6060,194
6061,140
6062,117
6063,108
6064,98
6065,82
6066,78
6067,43
6068,27
6069,9
6070,8
6071,15
6072,41
6073,72
6074,158
6075,234
6076,306
6077,338
6078,332
6079,352
6080,351
6081,333
6082,273
6083,218
6084,171
6085,119
6086,96
6087,77
6088,49
6089,20
6090,8
6091,5
6092,3
6093,5
6094,28
6095,130
6096,333
6097,619
6098,329
6099,174
6100,209
6101,263
6102,262
6103,240
6104,260
6105,342
6106,648
6107,542
6108,390
6109,250
6110,176
6111,125
6112,77
6113,30
6114,13
6115,6
6116,3
6117,4
6118,31
6119,142
6120,174
6121,270
6122,317
6123,73
6124,74
6125,86
6126,93
6127,80
6128,174
6129,234
6130,425
6131,330
6132,303
6133,200
6134,130
6135,120
6136,72
6137,32
6138,12
6139,7
6140,4
6141,6
6142,31
6143,144
6144,372
6145,621
6146,357
6147,168
6148,188
6149,218
6150,237
6151,218
6152,233
6153,312
6154,587
6155,517
6156,389
6157,266
6158,182
6159,140
6160,81
6161,27
6162,10
6163,5
6164,5
6165,28
6166,134
6167,352
6168,672
6169,321
6170,164
6171,202
6172,246
6173,264
6174,223
6175,235
6176,324
6177,583
6178,509
6179,348
6180,235
6181,162
6182,138
6183,111
6184,41
6185,17
6186,9
6187,4
6188,5
6189,27
6190,114
6191,328
6192,641
6193,328
6194,182
6195,209
6196,281
6197,287
6198,267
6199,288
6200,372
6201,558
6202,488
6203,342
6204,228
6205,165
6206,148
6207,112
6208,46
6209,14
6210,7
6211,4
6212,5
6213,32
6214,133
6215,374
6216,670
6217,316
6218,170
6219,182
6220,229
6221,226
6222,210
6223,223
6224,273
6225,534
6226,504
6227,207
6228,152
6229,117
6230,76
6231,64
6232,19
6233,11
6234,8
6235,3
6236,3
6237,19
6238,78
6239,233
6240,434
6241,220
6242,133
6243,145
6244,173
6245,172
6246,157
6247,161
6248,199
6249,295
6250,272
6251,204
6252,147
6253,121
6254,107
6255,74
6256,39
6257,36
6258,20
6259,10
6260,5
6261,4
6262,8
6263,30
6264,73
6265,124
6266,170
6267,235
6268,225
6269,268
6270,260
6271,229
6272,231
6273,199
6274,157
6275,120
6276,105
6277,87
6278,75
6279,60
6280,44
6281,45
6282,26
6283,19
6284,5
6285,4
6286,5
6287,18
6288,45
6289,101
6290,159
6291,193
6292,256
6293,265
6294,275
6295,302
6296,277
6297,202
6298,159
6299,139
6300,89
6301,78
6302,65
6303,38
6304,28
6305,22
6306,12
6307,8
6308,6
6309,10
6310,32
6311,94
6312,128
6313,168
6314,189
6315,235
6316,131
6317,134
6318,120
6319,124
6320,153
6321,140
6322,161
6323,101
6324,85
6325,81
6326,34
6327,22
6328,25
6329,12
6330,6
6331,7
6332,12
6333,40
6334,124
6335,149
6336,215
6337,237
6338,282
6339,303
6340,300
6341,285
6342,267
6343,210
6344,195
6345,170
6346,130
6347,114
6348,91
6349,46
6350,20
6351,5
6352,3
6353,1
6354,2
6355,15
6356,87
6357,74
6358,126
6359,70
6360,34
6361,34
6362,46
6363,47
6364,65
6365,58
6366,80
6367,167
6368,152
6369,129
6370,92
6371,101
6372,46
6373,26
6374,10
6375,4
6376,2
6377,2
6378,2
6379,20
6380,87
6381,249
6382,460
6383,223
6384,112
6385,118
6386,143
6387,142
6388,105
6389,116
6390,168
6391,299
6392,301
6393,208
6394,164
6395,133
6396,92
6397,64
6398,25
6399,11
6400,7
6401,3
6402,3
6403,17
6404,84
6405,216
6406,475
6407,215
6408,113
6409,137
6410,166
6411,165
6412,152
6413,166
6414,200
6415,309
6416,288
6417,201
6418,140
6419,124
6420,105
6421,67
6422,58
6423,51
6424,30
6425,15
6426,6
6427,5
6428,9
6429,30
6430,98
6431,140
6432,111
6433,117
6434,107
6435,113
6436,229
6437,219
6438,243
6439,198
6440,185
6441,148
6442,100
6443,94
6444,89
6445,70
6446,65
6447,45
6448,31
6449,15
6450,5
6451,3
6452,4
6453,15
6454,41
6455,95
6456,150
6457,209
6458,220
6459,219
6460,240
6461,234
6462,221
6463,174
6464,132
6465,165
6466,73
6467,59
6468,43
6469,24
6470,25
6471,20
6472,11
6473,8
6474,5
6475,5
6476,9
6477,31
6478,74
6479,119
6480,146
6481,174
6482,200
6483,214
6484,229
6485,230
6486,194
6487,185
6488,171
6489,143
6490,116
6491,102
6492,81
6493,44
